model_name,recall,precision,f1,auc
Isolation Forest,0.49118030069847285,0.2495639097744361,0.3309668155711551,
EIF (isotree),0.6483958801941517,0.3140301588211685,0.42313040791100126,
Random Forest,0.9539481472712206,0.8688807418589606,0.909429490435077,0.9985701757526905
XGBoost,0.9736000947081804,0.6603500883250362,0.7869479929189991,0.9986662711704573
LightGBM,0.973955250384752,0.5760397703402885,0.7239209820053676,0.9984660397893297
