model_name,recall,precision,f1,auc
Random Forest,0.5015625,1.0,0.668054110301769,0.8924395256308004
XGBoost,0.509375,0.44173441734417346,0.4731494920174166,0.9632524827572143
LightGBM,0.7875,0.02567237163814181,0.049723756906077346,0.8849804914080626
Local Outlier Factor,0.1703125,0.009522977459374454,0.018037398643058082,
EIF (isotree),0.0484375,0.005501330967169477,0.009880478087649403,
Isolation Forest,0.05625,0.004374240583232078,0.008117249154453212,
